{
  "hosting": {
    "public": "dist",
    "ignore": ["firebase.json", "**/.*", "**/node_modules/**"],
    "rewrites": [
      { "source": "/api/waitlist", "function": "waitlist" },
      { "source": "**", "destination": "/index.html" }
    ],
    "headers": [
      {
        "source": "/assets/**",
        "headers": [
          { "key": "Cache-Control", "value": "public,max-age=31536000,immutable" }
        ]
      },
      {
        "source": "/index.html",
        "headers": [
          { "key": "Cache-Control", "value": "no-cache" }
        ]
      }
    ]
  },
  "firestore": { "rules": "firestore.rules", "indexes": "firestore.indexes.json" },
  "functions": { "source": "functions" }
}